368225930,2022-01-01T00:11:10,27.21428,-78.30219,0.0,360.0,511.0,MERMAID,,WDM6517,70,15,40,9,0.0,70,A
368225930,2022-01-01T00:15:10,27.21427,-78.30219,0.0,360.0,511.0,MERMAID,,WDM6517,70,15,40,9,0.0,70,A
368225930,2022-01-01T00:18:32,27.21428,-78.30219,0.0,360.0,511.0,MERMAID,,WDM6517,70,15,40,9,0.0,70,A
368225930,2022-01-01T00:21:30,27.21427,-78.30219,0.0,360.0,511.0,MERMAID,,WDM6517,70,15,40,9,0.0,70,A
368225930,2022-01-01T00:33:01,27.21427,-78.30219,0.0,360.0,511.0,MERMAID,,WDM6517,70,15,40,9,0.0,70,A
368225930,2022-01-01T01:05:41,27.21427,-78.30220,0.0,360.0,511.0,MERMAID,,WDM6517,70,15,40,9,0.0,70,A
368225930,2022-01-01T01:10:52,27.21428,-78.30220,0.0,360.0,511.0,MERMAID,,WDM6517,70,15,40,9,0.0,70,A
368225930,2022-01-01T02:34:32,27.21428,-78.30219,0.0,360.0,511.0,MERMAID,,WDM6517,70,15,40,9,0.0,70,A
368225930,2022-01-01T02:35:41,27.21428,-78.30218,0.0,360.0,511.0,MERMAID,,WDM6517,70,15,40,9,0.0,70,A
368225930,2022-01-01T02:40:01,27.21428,-78.30218,0.0,360.0,511.0,MERMAID,,WDM6517,70,15,40,9,0.0,70,A
368225930,2022-01-01T03:07:21,27.21428,-78.30220,0.0,360.0,511.0,MERMAID,,WDM6517,70,15,40,9,0.0,70,A
368225930,2022-01-01T03:22:42,27.21428,-78.30220,0.0,360.0,511.0,MERMAID,,WDM6517,70,15,40,9,0.0,70,A
368225930,2022-01-01T03:45:10,27.21429,-78.30220,0.0,360.0,511.0,MERMAID,,WDM6517,70,15,40,9,0.0,70,A
368225930,2022-01-01T03:56:51,27.21429,-78.30220,0.0,360.0,511.0,MERMAID,,WDM6517,70,15,40,9,0.0,70,A
368225930,2022-01-01T04:14:31,27.21429,-78.30221,0.0,360.0,511.0,MERMAID,,WDM6517,70,15,40,9,0.0,70,A
368225930,2022-01-01T04:11:12,27.21429,-78.30220,0.0,360.0,511.0,MERMAID,,WDM6517,70,15,40,9,0.0,70,A
368225930,2022-01-01T04:23:21,27.21429,-78.30221,0.0,360.0,511.0,MERMAID,,WDM6517,70,15,40,9,0.0,70,A
368225930,2022-01-01T04:20:21,27.21429,-78.30220,0.0,360.0,511.0,MERMAID,,WDM6517,70,15,40,9,0.0,70,A
368225930,2022-01-01T04:22:11,27.21429,-78.30221,0.0,360.0,511.0,MERMAID,,WDM6517,70,15,40,9,0.0,70,A
368225930,2022-01-01T04:24:42,27.21429,-78.30221,0.0,360.0,511.0,MERMAID,,WDM6517,70,15,40,9,0.0,70,A
368225930,2022-01-01T04:46:51,27.21428,-78.30220,0.0,360.0,511.0,MERMAID,,WDM6517,70,15,40,9,0.0,70,A
368225930,2022-01-01T04:39:30,27.21429,-78.30221,0.0,360.0,511.0,MERMAID,,WDM6517,70,15,40,9,0.0,70,A
368225930,2022-01-01T04:25:52,27.21429,-78.30220,0.0,360.0,511.0,MERMAID,,WDM6517,70,15,40,9,0.0,70,A
368225930,2022-01-01T04:40:41,27.21429,-78.30220,0.0,360.0,511.0,MERMAID,,WDM6517,70,15,40,9,0.0,70,A
368225930,2022-01-01T04:55:51,27.21427,-78.30221,0.0,360.0,511.0,MERMAID,,WDM6517,70,15,40,9,0.0,70,A
368225930,2022-01-01T04:45:41,27.21429,-78.30220,0.0,360.0,511.0,MERMAID,,WDM6517,70,15,40,9,0.0,70,A
368225930,2022-01-01T05:04:32,27.21427,-78.30221,0.0,360.0,511.0,MERMAID,,WDM6517,70,15,40,9,0.0,70,A
368225930,2022-01-01T04:53:51,27.21427,-78.30220,0.0,360.0,511.0,MERMAID,,WDM6517,70,15,40,9,0.0,70,A
368225930,2022-01-01T04:42:11,27.21429,-78.30220,0.0,360.0,511.0,MERMAID,,WDM6517,70,15,40,9,0.0,70,A
368225930,2022-01-01T04:43:30,27.21429,-78.30221,0.0,360.0,511.0,MERMAID,,WDM6517,70,15,40,9,0.0,70,A
368225930,2022-01-01T04:48:11,27.21428,-78.30220,0.0,360.0,511.0,MERMAID,,WDM6517,70,15,40,9,0.0,70,A
368225930,2022-01-01T05:02:51,27.21427,-78.30220,0.0,360.0,511.0,MERMAID,,WDM6517,70,15,40,9,0.0,70,A
368225930,2022-01-01T04:51:11,27.21428,-78.30220,0.0,360.0,511.0,MERMAID,,WDM6517,70,15,40,9,0.0,70,A
368225930,2022-01-01T05:20:12,27.21428,-78.30221,0.0,360.0,511.0,MERMAID,,WDM6517,70,15,40,9,0.0,70,A
368225930,2022-01-01T04:57:11,27.21427,-78.30220,0.0,360.0,511.0,MERMAID,,WDM6517,70,15,40,9,0.0,70,A
368225930,2022-01-01T02:32:51,27.21427,-78.30220,0.0,360.0,511.0,MERMAID,,WDM6517,70,15,40,9,0.0,70,A
368225930,2022-01-01T05:09:31,27.21427,-78.30221,0.0,360.0,511.0,MERMAID,,WDM6517,70,15,40,9,0.0,70,A
368225930,2022-01-01T05:13:01,27.21427,-78.30220,0.0,360.0,511.0,MERMAID,,WDM6517,70,15,40,9,0.0,70,A
368225930,2022-01-01T05:11:42,27.21427,-78.30221,0.0,360.0,511.0,MERMAID,,WDM6517,70,15,40,9,0.0,70,A
368225930,2022-01-01T05:18:52,27.21427,-78.30221,0.0,360.0,511.0,MERMAID,,WDM6517,70,15,40,9,0.0,70,A
368225930,2022-01-01T05:16:21,27.21427,-78.30221,0.0,360.0,511.0,MERMAID,,WDM6517,70,15,40,9,0.0,70,A
368225930,2022-01-01T05:21:20,27.21428,-78.30221,0.0,360.0,511.0,MERMAID,,WDM6517,70,15,40,9,0.0,70,A
368225930,2022-01-01T05:25:01,27.21428,-78.30221,0.0,360.0,511.0,MERMAID,,WDM6517,70,15,40,9,0.0,70,A
368225930,2022-01-01T05:23:51,27.21428,-78.30220,0.0,360.0,511.0,MERMAID,,WDM6517,70,15,40,9,0.0,70,A
368225930,2022-01-01T05:17:41,27.21427,-78.30221,0.0,360.0,511.0,MERMAID,,WDM6517,70,15,40,9,0.0,70,A
368225930,2022-01-01T05:43:51,27.21428,-78.30222,0.0,360.0,511.0,MERMAID,,WDM6517,70,15,40,9,0.0,70,A
368225930,2022-01-01T05:30:10,27.21428,-78.30221,0.0,360.0,511.0,MERMAID,,WDM6517,70,15,40,9,0.0,70,A
368225930,2022-01-01T05:28:51,27.21427,-78.30221,0.0,360.0,511.0,MERMAID,,WDM6517,70,15,40,9,0.0,70,A
368225930,2022-01-01T05:36:02,27.21427,-78.30221,0.0,360.0,511.0,MERMAID,,WDM6517,70,15,40,9,0.0,70,A
368225930,2022-01-01T05:48:42,27.21428,-78.30221,0.0,360.0,511.0,MERMAID,,WDM6517,70,15,40,9,0.0,70,A
368225930,2022-01-01T05:34:51,27.21428,-78.30221,0.0,360.0,511.0,MERMAID,,WDM6517,70,15,40,9,0.0,70,A
368225930,2022-01-01T05:26:10,27.21427,-78.30220,0.0,360.0,511.0,MERMAID,,WDM6517,70,15,40,9,0.0,70,A
368225930,2022-01-01T05:22:30,27.21428,-78.30221,0.0,360.0,511.0,MERMAID,,WDM6517,70,15,40,9,0.0,70,A
368225930,2022-01-01T05:32:32,27.21427,-78.30221,0.0,360.0,511.0,MERMAID,,WDM6517,70,15,40,9,0.0,70,A
368225930,2022-01-01T05:27:30,27.21427,-78.30220,0.0,360.0,511.0,MERMAID,,WDM6517,70,15,40,9,0.0,70,A
368225930,2022-01-01T05:38:32,27.21427,-78.30220,0.0,360.0,511.0,MERMAID,,WDM6517,70,15,40,9,0.0,70,A
368225930,2022-01-01T05:31:21,27.21428,-78.30221,0.0,360.0,511.0,MERMAID,,WDM6517,70,15,40,9,0.0,70,A
368225930,2022-01-01T05:42:41,27.21427,-78.30221,0.0,360.0,511.0,MERMAID,,WDM6517,70,15,40,9,0.0,70,A
368225930,2022-01-01T05:46:31,27.21427,-78.30221,0.0,360.0,511.0,MERMAID,,WDM6517,70,15,40,9,0.0,70,A
368225930,2022-01-01T06:04:01,27.21427,-78.30221,0.0,360.0,511.0,MERMAID,,WDM6517,70,15,40,9,0.0,70,A
368225930,2022-01-01T05:47:41,27.21428,-78.30221,0.0,360.0,511.0,MERMAID,,WDM6517,70,15,40,9,0.0,70,A
368225930,2022-01-01T05:52:32,27.21427,-78.30221,0.0,360.0,511.0,MERMAID,,WDM6517,70,15,40,9,0.0,70,A
368225930,2022-01-01T05:49:51,27.21427,-78.30221,0.0,360.0,511.0,MERMAID,,WDM6517,70,15,40,9,0.0,70,A
368225930,2022-01-01T05:41:22,27.21427,-78.30221,0.0,360.0,511.0,MERMAID,,WDM6517,70,15,40,9,0.0,70,A
368225930,2022-01-01T05:40:11,27.21427,-78.30221,0.0,360.0,511.0,MERMAID,,WDM6517,70,15,40,9,0.0,70,A
368225930,2022-01-01T05:45:22,27.21427,-78.30221,0.0,360.0,511.0,MERMAID,,WDM6517,70,15,40,9,0.0,70,A
368225930,2022-01-01T05:56:22,27.21427,-78.30222,0.0,360.0,511.0,MERMAID,,WDM6517,70,15,40,9,0.0,70,A
368225930,2022-01-01T06:00:02,27.21427,-78.30222,0.0,360.0,511.0,MERMAID,,WDM6517,70,15,40,9,0.0,70,A
368225930,2022-01-01T06:06:32,27.21428,-78.30221,0.0,360.0,511.0,MERMAID,,WDM6517,70,15,40,9,0.0,70,A
368225930,2022-01-01T05:53:41,27.21428,-78.30221,0.0,360.0,511.0,MERMAID,,WDM6517,70,15,40,9,0.0,70,A
368225930,2022-01-01T05:51:12,27.21428,-78.30222,0.0,360.0,511.0,MERMAID,,WDM6517,70,15,40,9,0.0,70,A
368225930,2022-01-01T06:12:42,27.21427,-78.30221,0.0,360.0,511.0,MERMAID,,WDM6517,70,15,40,9,0.0,70,A
368225930,2022-01-01T06:07:52,27.21428,-78.30221,0.0,360.0,511.0,MERMAID,,WDM6517,70,15,40,9,0.0,70,A
368225930,2022-01-01T05:55:12,27.21428,-78.30222,0.0,360.0,511.0,MERMAID,,WDM6517,70,15,40,9,0.0,70,A
368225930,2022-01-01T05:58:52,27.21427,-78.30222,0.0,360.0,511.0,MERMAID,,WDM6517,70,15,40,9,0.0,70,A
368225930,2022-01-01T05:57:31,27.21427,-78.30222,0.0,360.0,511.0,MERMAID,,WDM6517,70,15,40,9,0.0,70,A
368225930,2022-01-01T06:11:31,27.21427,-78.30221,0.0,360.0,511.0,MERMAID,,WDM6517,70,15,40,9,0.0,70,A
368225930,2022-01-01T06:09:01,27.21427,-78.30221,0.0,360.0,511.0,MERMAID,,WDM6517,70,15,40,9,0.0,70,A
368225930,2022-01-01T06:40:52,27.21426,-78.30221,0.0,360.0,511.0,MERMAID,,WDM6517,70,15,40,9,0.0,70,A
368225930,2022-01-01T06:18:52,27.21426,-78.30221,0.0,360.0,511.0,MERMAID,,WDM6517,70,15,40,9,0.0,70,A
368225930,2022-01-01T06:13:52,27.21427,-78.30221,0.0,360.0,511.0,MERMAID,,WDM6517,70,15,40,9,0.0,70,A
368225930,2022-01-01T06:26:30,27.21427,-78.30221,0.0,360.0,511.0,MERMAID,,WDM6517,70,15,40,9,0.0,70,A
368225930,2022-01-01T06:15:01,27.21427,-78.30221,0.0,360.0,511.0,MERMAID,,WDM6517,70,15,40,9,0.0,70,A
368225930,2022-01-01T06:20:42,27.21426,-78.30221,0.0,360.0,511.0,MERMAID,,WDM6517,70,15,40,9,0.0,70,A
368225930,2022-01-01T06:33:01,27.21425,-78.30221,0.0,360.0,511.0,MERMAID,,WDM6517,70,15,40,9,0.0,70,A
368225930,2022-01-01T06:29:31,27.21426,-78.30222,0.0,360.0,511.0,MERMAID,,WDM6517,70,15,40,9,0.0,70,A
368225930,2022-01-01T06:38:30,27.21426,-78.30221,0.0,360.0,511.0,MERMAID,,WDM6517,70,15,40,9,0.0,70,A
368225930,2022-01-01T06:22:31,27.21426,-78.30221,0.0,360.0,511.0,MERMAID,,WDM6517,70,15,40,9,0.0,70,A
368225930,2022-01-01T06:58:12,27.21426,-78.30221,0.0,360.0,511.0,MERMAID,,WDM6517,70,15,40,9,0.0,70,A
368225930,2022-01-01T06:23:42,27.21426,-78.30221,0.0,360.0,511.0,MERMAID,,WDM6517,70,15,40,9,0.0,70,A
368225930,2022-01-01T06:42:30,27.21426,-78.30222,0.0,360.0,511.0,MERMAID,,WDM6517,70,15,40,9,0.0,70,A
368225930,2022-01-01T06:37:21,27.21426,-78.30222,0.0,360.0,511.0,MERMAID,,WDM6517,70,15,40,9,0.0,70,A
368225930,2022-01-01T06:39:41,27.21426,-78.30221,0.0,360.0,511.0,MERMAID,,WDM6517,70,15,40,9,0.0,70,A
368225930,2022-01-01T07:05:12,27.21426,-78.30222,0.0,360.0,511.0,MERMAID,,WDM6517,70,15,40,9,0.0,70,A
368225930,2022-01-01T06:49:32,27.21426,-78.30220,0.0,360.0,511.0,MERMAID,,WDM6517,70,15,40,9,0.0,70,A
368225930,2022-01-01T06:51:12,27.21426,-78.30220,0.0,360.0,511.0,MERMAID,,WDM6517,70,15,40,9,0.0,70,A
368225930,2022-01-01T06:44:02,27.21426,-78.30221,0.0,360.0,511.0,MERMAID,,WDM6517,70,15,40,9,0.0,70,A
368225930,2022-01-01T06:45:21,27.21426,-78.30221,0.0,360.0,511.0,MERMAID,,WDM6517,70,15,40,9,0.0,70,A
368225930,2022-01-01T06:48:20,27.21425,-78.30221,0.0,360.0,511.0,MERMAID,,WDM6517,70,15,40,9,0.0,70,A
368225930,2022-01-01T07:04:01,27.21426,-78.30222,0.0,360.0,511.0,MERMAID,,WDM6517,70,15,40,9,0.0,70,A
368225930,2022-01-01T07:40:02,27.21427,-78.30221,0.1,360.0,511.0,MERMAID,,WDM6517,70,15,40,9,0.0,70,A
368225930,2022-01-01T07:41:11,27.21427,-78.30221,0.0,360.0,511.0,MERMAID,,WDM6517,70,15,40,9,0.0,70,A
368225930,2022-01-01T07:44:51,27.21427,-78.30222,0.0,360.0,511.0,MERMAID,,WDM6517,70,15,40,9,0.0,70,A
368225930,2022-01-01T07:02:51,27.21426,-78.30221,0.0,360.0,511.0,MERMAID,,WDM6517,70,15,40,9,0.0,70,A
368225930,2022-01-01T07:19:41,27.21426,-78.30222,0.0,360.0,511.0,MERMAID,,WDM6517,70,15,40,9,0.0,70,A
368225930,2022-01-01T07:23:22,27.21426,-78.30222,0.0,360.0,511.0,MERMAID,,WDM6517,70,15,40,9,0.0,70,A
368225930,2022-01-01T07:11:31,27.21426,-78.30221,0.1,360.0,511.0,MERMAID,,WDM6517,70,15,40,9,0.0,70,A
368225930,2022-01-01T07:13:31,27.21426,-78.30222,0.0,360.0,511.0,MERMAID,,WDM6517,70,15,40,9,0.0,70,A
368225930,2022-01-01T07:36:21,27.21426,-78.30221,0.0,360.0,511.0,MERMAID,,WDM6517,70,15,40,9,0.0,70,A
368225930,2022-01-01T07:20:52,27.21426,-78.30221,0.0,360.0,511.0,MERMAID,,WDM6517,70,15,40,9,0.0,70,A
368225930,2022-01-01T07:34:02,27.21427,-78.30221,0.0,360.0,511.0,MERMAID,,WDM6517,70,15,40,9,0.0,70,A
368225930,2022-01-01T07:14:51,27.21426,-78.30222,0.0,360.0,511.0,MERMAID,,WDM6517,70,15,40,9,0.0,70,A
368225930,2022-01-01T07:22:10,27.21427,-78.30222,0.0,360.0,511.0,MERMAID,,WDM6517,70,15,40,9,0.0,70,A
368225930,2022-01-01T07:35:12,27.21427,-78.30221,0.0,360.0,511.0,MERMAID,,WDM6517,70,15,40,9,0.0,70,A
368225930,2022-01-01T07:17:10,27.21425,-78.30222,0.0,360.0,511.0,MERMAID,,WDM6517,70,15,40,9,0.0,70,A
368225930,2022-01-01T07:37:40,27.21427,-78.30222,0.0,360.0,511.0,MERMAID,,WDM6517,70,15,40,9,0.0,70,A
368225930,2022-01-01T07:18:22,27.21425,-78.30222,0.0,360.0,511.0,MERMAID,,WDM6517,70,15,40,9,0.0,70,A
368225930,2022-01-01T07:24:32,27.21426,-78.30222,0.0,360.0,511.0,MERMAID,,WDM6517,70,15,40,9,0.0,70,A
368225930,2022-01-01T08:04:41,27.21428,-78.30220,0.1,360.0,511.0,MERMAID,,WDM6517,70,15,40,9,0.0,70,A
368225930,2022-01-01T07:29:42,27.21427,-78.30222,0.0,360.0,511.0,MERMAID,,WDM6517,70,15,40,9,0.0,70,A
368225930,2022-01-01T07:43:31,27.21427,-78.30223,0.0,360.0,511.0,MERMAID,,WDM6517,70,15,40,9,0.0,70,A
368225930,2022-01-01T07:49:11,27.21428,-78.30221,0.0,360.0,511.0,MERMAID,,WDM6517,70,15,40,9,0.0,70,A
368225930,2022-01-01T07:50:22,27.21428,-78.30221,0.0,360.0,511.0,MERMAID,,WDM6517,70,15,40,9,0.0,70,A
368225930,2022-01-01T07:32:52,27.21427,-78.30221,0.0,360.0,511.0,MERMAID,,WDM6517,70,15,40,9,0.0,70,A
368225930,2022-01-01T07:52:41,27.21427,-78.30221,0.0,360.0,511.0,MERMAID,,WDM6517,70,15,40,9,0.0,70,A
368225930,2022-01-01T07:26:01,27.21426,-78.30222,0.0,360.0,511.0,MERMAID,,WDM6517,70,15,40,9,0.0,70,A
368225930,2022-01-01T08:16:00,27.21428,-78.30222,0.0,360.0,511.0,MERMAID,,WDM6517,70,15,40,9,0.0,70,A
368225930,2022-01-01T07:27:12,27.21426,-78.30221,0.0,360.0,511.0,MERMAID,,WDM6517,70,15,40,9,0.0,70,A
368225930,2022-01-01T07:46:11,27.21428,-78.30221,0.0,360.0,511.0,MERMAID,,WDM6517,70,15,40,9,0.0,70,A
368225930,2022-01-01T07:59:41,27.21428,-78.30221,0.1,360.0,511.0,MERMAID,,WDM6517,70,15,40,9,0.0,70,A
368225930,2022-01-01T07:54:01,27.21428,-78.30221,0.0,360.0,511.0,MERMAID,,WDM6517,70,15,40,9,0.0,70,A
368225930,2022-01-01T07:57:41,27.21428,-78.30221,0.0,360.0,511.0,MERMAID,,WDM6517,70,15,40,9,0.0,70,A
368225930,2022-01-01T08:05:50,27.21428,-78.30221,0.0,360.0,511.0,MERMAID,,WDM6517,70,15,40,9,0.0,70,A
368225930,2022-01-01T07:42:22,27.21427,-78.30221,0.0,360.0,511.0,MERMAID,,WDM6517,70,15,40,9,0.0,70,A
368225930,2022-01-01T08:07:02,27.21428,-78.30221,0.0,360.0,511.0,MERMAID,,WDM6517,70,15,40,9,0.0,70,A
368225930,2022-01-01T08:08:11,27.21428,-78.30221,0.0,360.0,511.0,MERMAID,,WDM6517,70,15,40,9,0.0,70,A
368225930,2022-01-01T07:55:12,27.21428,-78.30221,0.0,360.0,511.0,MERMAID,,WDM6517,70,15,40,9,0.0,70,A
368225930,2022-01-01T07:56:22,27.21428,-78.30221,0.0,360.0,511.0,MERMAID,,WDM6517,70,15,40,9,0.0,70,A
368225930,2022-01-01T08:03:32,27.21428,-78.30220,0.0,360.0,511.0,MERMAID,,WDM6517,70,15,40,9,0.0,70,A
368225930,2022-01-01T08:09:22,27.21428,-78.30221,0.0,360.0,511.0,MERMAID,,WDM6517,70,15,40,9,0.0,70,A
368225930,2022-01-01T08:10:32,27.21428,-78.30221,0.0,360.0,511.0,MERMAID,,WDM6517,70,15,40,9,0.0,70,A
368225930,2022-01-01T07:47:41,27.21428,-78.30221,0.0,360.0,511.0,MERMAID,,WDM6517,70,15,40,9,0.0,70,A
368225930,2022-01-01T08:12:51,27.21428,-78.30221,0.0,360.0,511.0,MERMAID,,WDM6517,70,15,40,9,0.0,70,A
368225930,2022-01-01T08:02:21,27.21428,-78.30220,0.0,360.0,511.0,MERMAID,,WDM6517,70,15,40,9,0.0,70,A
368225930,2022-01-01T07:51:32,27.21428,-78.30221,0.0,360.0,511.0,MERMAID,,WDM6517,70,15,40,9,0.0,70,A
368225930,2022-01-01T08:18:42,27.21428,-78.30222,0.0,360.0,511.0,MERMAID,,WDM6517,70,15,40,9,0.0,70,A
368225930,2022-01-01T08:00:01,27.21428,-78.30221,0.0,360.0,511.0,MERMAID,,WDM6517,70,15,40,9,0.0,70,A
368225930,2022-01-01T08:21:00,27.21428,-78.30221,0.1,360.0,511.0,MERMAID,,WDM6517,70,15,40,9,0.0,70,A
368225930,2022-01-01T08:29:21,27.21429,-78.30221,0.0,360.0,511.0,MERMAID,,WDM6517,70,15,40,9,0.0,70,A
368225930,2022-01-01T08:23:12,27.21428,-78.30222,0.0,360.0,511.0,MERMAID,,WDM6517,70,15,40,9,0.0,70,A
368225930,2022-01-01T08:28:11,27.21428,-78.30222,0.0,360.0,511.0,MERMAID,,WDM6517,70,15,40,9,0.0,70,A
368225930,2022-01-01T08:55:11,27.21430,-78.30221,0.0,360.0,511.0,MERMAID,,WDM6517,70,15,40,9,0.0,70,A
368225930,2022-01-01T08:31:12,27.21430,-78.30220,0.0,360.0,511.0,MERMAID,,WDM6517,70,15,40,9,0.0,70,A
368225930,2022-01-01T08:19:51,27.21428,-78.30222,0.0,360.0,511.0,MERMAID,,WDM6517,70,15,40,9,0.0,70,A
368225930,2022-01-01T08:11:41,27.21428,-78.30221,0.0,360.0,511.0,MERMAID,,WDM6517,70,15,40,9,0.0,70,A
368225930,2022-01-01T08:14:31,27.21428,-78.30221,0.0,360.0,511.0,MERMAID,,WDM6517,70,15,40,9,0.0,70,A
368225930,2022-01-01T08:37:11,27.21429,-78.30220,0.0,360.0,511.0,MERMAID,,WDM6517,70,15,40,9,0.0,70,A
368225930,2022-01-01T08:22:01,27.21428,-78.30221,0.0,360.0,511.0,MERMAID,,WDM6517,70,15,40,9,0.0,70,A
368225930,2022-01-01T08:48:52,27.21429,-78.30220,0.0,360.0,511.0,MERMAID,,WDM6517,70,15,40,9,0.0,70,A
368225930,2022-01-01T08:25:00,27.21428,-78.30221,0.0,360.0,511.0,MERMAID,,WDM6517,70,15,40,9,0.0,70,A
368225930,2022-01-01T08:53:11,27.21430,-78.30221,0.0,360.0,511.0,MERMAID,,WDM6517,70,15,40,9,0.0,70,A
368225930,2022-01-01T08:56:51,27.21430,-78.30220,0.0,360.0,511.0,MERMAID,,WDM6517,70,15,40,9,0.0,70,A
368225930,2022-01-01T08:46:51,27.21429,-78.30220,0.0,360.0,511.0,MERMAID,,WDM6517,70,15,40,9,0.0,70,A
368225930,2022-01-01T04:10:02,27.21429,-78.30220,0.0,360.0,511.0,MERMAID,,WDM6517,70,15,40,9,0.0,70,A
368225930,2022-01-01T08:58:42,27.21429,-78.30220,0.0,360.0,511.0,MERMAID,,WDM6517,70,15,40,9,0.0,70,A
368225930,2022-01-01T08:59:52,27.21430,-78.30220,0.0,360.0,511.0,MERMAID,,WDM6517,70,15,40,9,0.0,70,A
368225930,2022-01-01T09:54:31,27.21430,-78.30218,0.0,360.0,511.0,MERMAID,,WDM6517,70,15,40,9,0.0,70,A
368225930,2022-01-01T09:57:52,27.21430,-78.30219,0.0,360.0,511.0,MERMAID,,WDM6517,70,15,40,9,0.0,70,A
368225930,2022-01-01T09:53:22,27.21430,-78.30218,0.0,360.0,511.0,MERMAID,,WDM6517,70,15,40,9,0.0,70,A
368225930,2022-01-01T04:37:21,27.21428,-78.30221,0.0,360.0,511.0,MERMAID,,WDM6517,70,15,40,9,0.0,70,A
368225930,2022-01-01T10:38:11,27.21430,-78.30220,0.0,360.0,511.0,MERMAID,,WDM6517,70,15,40,9,0.0,70,A
368225930,2022-01-01T10:16:01,27.21430,-78.30219,0.0,360.0,511.0,MERMAID,,WDM6517,70,15,40,9,0.0,70,A
368225930,2022-01-01T10:13:42,27.21431,-78.30218,0.0,360.0,511.0,MERMAID,,WDM6517,70,15,40,9,0.0,70,A
368225930,2022-01-01T09:59:52,27.21430,-78.30219,0.1,360.0,511.0,MERMAID,,WDM6517,70,15,40,9,0.0,70,A
368225930,2022-01-01T10:19:00,27.21429,-78.30219,0.0,360.0,511.0,MERMAID,,WDM6517,70,15,40,9,0.0,70,A
368225930,2022-01-01T10:55:01,27.21429,-78.30221,0.0,360.0,511.0,MERMAID,,WDM6517,70,15,40,9,0.0,70,A
368225930,2022-01-01T10:31:21,27.21429,-78.30221,0.0,360.0,511.0,MERMAID,,WDM6517,70,15,40,9,0.0,70,A
368225930,2022-01-01T10:57:51,27.21428,-78.30221,0.1,360.0,511.0,MERMAID,,WDM6517,70,15,40,9,0.0,70,A
368225930,2022-01-01T10:30:10,27.21430,-78.30220,0.0,360.0,511.0,MERMAID,,WDM6517,70,15,40,9,0.0,70,A
368225930,2022-01-01T10:36:32,27.21430,-78.30220,0.0,360.0,511.0,MERMAID,,WDM6517,70,15,40,9,0.0,70,A
368225930,2022-01-01T10:41:32,27.21429,-78.30220,0.1,360.0,511.0,MERMAID,,WDM6517,70,15,40,9,0.0,70,A
368225930,2022-01-01T11:07:42,27.21428,-78.30221,0.0,360.0,511.0,MERMAID,,WDM6517,70,15,40,9,0.0,70,A
368225930,2022-01-01T10:32:41,27.21430,-78.30220,0.1,360.0,511.0,MERMAID,,WDM6517,70,15,40,9,0.0,70,A
368225930,2022-01-01T10:49:31,27.21429,-78.30221,0.0,360.0,511.0,MERMAID,,WDM6517,70,15,40,9,0.0,70,A
368225930,2022-01-01T11:22:41,27.21428,-78.30221,0.1,360.0,511.0,MERMAID,,WDM6517,70,15,40,9,0.0,70,A
368225930,2022-01-01T10:47:20,27.21430,-78.30221,0.0,360.0,511.0,MERMAID,,WDM6517,70,15,40,9,0.0,70,A
368225930,2022-01-01T10:50:41,27.21429,-78.30221,0.0,360.0,511.0,MERMAID,,WDM6517,70,15,40,9,0.0,70,A
368225930,2022-01-01T10:56:12,27.21429,-78.30221,0.0,360.0,511.0,MERMAID,,WDM6517,70,15,40,9,0.0,70,A
368225930,2022-01-01T11:30:32,27.21428,-78.30222,0.0,360.0,511.0,MERMAID,,WDM6517,70,15,40,9,0.0,70,A
368225930,2022-01-01T11:03:22,27.21428,-78.30221,0.0,360.0,511.0,MERMAID,,WDM6517,70,15,40,9,0.0,70,A
368225930,2022-01-01T11:17:41,27.21428,-78.30221,0.0,360.0,511.0,MERMAID,,WDM6517,70,15,40,9,0.0,70,A
368225930,2022-01-01T11:23:42,27.21428,-78.30221,0.1,360.0,511.0,MERMAID,,WDM6517,70,15,40,9,0.0,70,A
368225930,2022-01-01T10:59:32,27.21429,-78.30221,0.0,360.0,511.0,MERMAID,,WDM6517,70,15,40,9,0.0,70,A
368225930,2022-01-01T11:05:31,27.21428,-78.30220,0.0,360.0,511.0,MERMAID,,WDM6517,70,15,40,9,0.0,70,A
368225930,2022-01-01T11:25:42,27.21428,-78.30221,0.0,360.0,511.0,MERMAID,,WDM6517,70,15,40,9,0.0,70,A
368225930,2022-01-01T11:46:42,27.21427,-78.30222,0.1,360.0,511.0,MERMAID,,WDM6517,70,15,40,9,0.0,70,A
368225930,2022-01-01T11:42:21,27.21428,-78.30221,0.0,360.0,511.0,MERMAID,,WDM6517,70,15,40,9,0.0,70,A
368225930,2022-01-01T11:21:22,27.21428,-78.30221,0.0,360.0,511.0,MERMAID,,WDM6517,70,15,40,9,0.0,70,A
368225930,2022-01-01T11:48:12,27.21427,-78.30222,0.0,360.0,511.0,MERMAID,,WDM6517,70,15,40,9,0.0,70,A
368225930,2022-01-01T11:32:30,27.21428,-78.30221,0.0,360.0,511.0,MERMAID,,WDM6517,70,15,40,9,0.0,70,A
368225930,2022-01-01T05:33:42,27.21427,-78.30221,0.0,360.0,511.0,MERMAID,,WDM6517,70,15,40,9,0.0,70,A
368225930,2022-01-01T05:37:22,27.21428,-78.30221,0.0,360.0,511.0,MERMAID,,WDM6517,70,15,40,9,0.0,70,A
368225930,2022-01-01T06:05:10,27.21427,-78.30221,0.0,360.0,511.0,MERMAID,,WDM6517,70,15,40,9,0.0,70,A
368225930,2022-01-01T06:10:11,27.21427,-78.30221,0.0,360.0,511.0,MERMAID,,WDM6517,70,15,40,9,0.0,70,A
368225930,2022-01-01T06:16:10,27.21427,-78.30221,0.0,360.0,511.0,MERMAID,,WDM6517,70,15,40,9,0.0,70,A
368225930,2022-01-01T06:24:50,27.21426,-78.30221,0.0,360.0,511.0,MERMAID,,WDM6517,70,15,40,9,0.0,70,A
368225930,2022-01-01T15:36:10,27.21428,-78.30221,0.0,360.0,511.0,MERMAID,,WDM6517,70,15,40,9,0.0,70,A
368225930,2022-01-01T15:21:51,27.21428,-78.30221,0.0,360.0,511.0,MERMAID,,WDM6517,70,15,40,9,0.0,70,A
368225930,2022-01-01T15:34:02,27.21428,-78.30220,0.0,360.0,511.0,MERMAID,,WDM6517,70,15,40,9,0.0,70,A
368225930,2022-01-01T15:39:52,27.21428,-78.30220,0.0,360.0,511.0,MERMAID,,WDM6517,70,15,40,9,0.0,70,A
368225930,2022-01-01T15:44:31,27.21427,-78.30221,0.0,360.0,511.0,MERMAID,,WDM6517,70,15,40,9,0.0,70,A
368225930,2022-01-01T15:27:11,27.21428,-78.30220,0.0,360.0,511.0,MERMAID,,WDM6517,70,15,40,9,0.0,70,A
368225930,2022-01-01T16:55:22,27.21428,-78.30219,0.1,360.0,511.0,MERMAID,,WDM6517,70,15,40,9,0.0,70,A
368225930,2022-01-01T15:47:21,27.21427,-78.30220,0.0,360.0,511.0,MERMAID,,WDM6517,70,15,40,9,0.0,70,A
368225930,2022-01-01T07:28:22,27.21427,-78.30221,0.0,360.0,511.0,MERMAID,,WDM6517,70,15,40,9,0.0,70,A
368225930,2022-01-01T07:31:42,27.21427,-78.30221,0.0,360.0,511.0,MERMAID,,WDM6517,70,15,40,9,0.0,70,A
368225930,2022-01-01T07:38:52,27.21427,-78.30221,0.0,360.0,511.0,MERMAID,,WDM6517,70,15,40,9,0.0,70,A
368225930,2022-01-01T08:39:51,27.21429,-78.30220,0.0,360.0,511.0,MERMAID,,WDM6517,70,15,40,9,0.0,70,A
368225930,2022-01-01T09:56:40,27.21429,-78.30218,0.1,360.0,511.0,MERMAID,,WDM6517,70,15,40,9,0.0,70,A
368225930,2022-01-01T11:13:42,27.21428,-78.30221,0.0,360.0,511.0,MERMAID,,WDM6517,70,15,40,9,0.0,70,A
368225930,2022-01-01T11:19:50,27.21428,-78.30221,0.0,360.0,511.0,MERMAID,,WDM6517,70,15,40,9,0.0,70,A
368225930,2022-01-01T11:27:01,27.21428,-78.30221,0.0,360.0,511.0,MERMAID,,WDM6517,70,15,40,9,0.0,70,A
368225930,2022-01-01T11:56:31,27.21427,-78.30222,0.0,360.0,511.0,MERMAID,,WDM6517,70,15,40,9,0.0,70,A
368225930,2022-01-01T12:13:02,27.21425,-78.30223,0.0,360.0,511.0,MERMAID,,WDM6517,70,15,40,9,0.0,70,A
368225930,2022-01-02T04:28:02,27.21427,-78.30220,0.0,360.0,511.0,MERMAID,,WDM6517,70,15,40,9,0.0,70,A
368225930,2022-01-02T06:45:42,27.21429,-78.30221,0.0,360.0,511.0,MERMAID,,WDM6517,70,15,40,9,0.0,70,A
368225930,2022-01-02T06:27:10,27.21429,-78.30222,0.0,360.0,511.0,MERMAID,,WDM6517,70,15,40,9,0.0,70,A
368225930,2022-01-02T06:47:12,27.21430,-78.30221,0.0,360.0,511.0,MERMAID,,WDM6517,70,15,40,9,0.0,70,A
368225930,2022-01-02T06:28:52,27.21429,-78.30221,0.0,360.0,511.0,MERMAID,,WDM6517,70,15,40,9,0.0,70,A
368225930,2022-01-02T06:53:11,27.21429,-78.30221,0.0,360.0,511.0,MERMAID,,WDM6517,70,15,40,9,0.0,70,A
368225930,2022-01-02T06:39:01,27.21429,-78.30222,0.0,360.0,511.0,MERMAID,,WDM6517,70,15,40,9,0.0,70,A
368225930,2022-01-02T06:52:01,27.21429,-78.30221,0.0,360.0,511.0,MERMAID,,WDM6517,70,15,40,9,0.0,70,A
368225930,2022-01-02T07:31:11,27.21431,-78.30220,0.1,360.0,511.0,MERMAID,,WDM6517,70,15,40,9,0.0,70,A
368225930,2022-01-02T08:00:52,27.21429,-78.30219,0.0,360.0,511.0,MERMAID,,WDM6517,70,15,40,9,0.0,70,A
368225930,2022-01-02T07:59:32,27.21429,-78.30219,0.1,360.0,511.0,MERMAID,,WDM6517,70,15,40,9,0.0,70,A
368225930,2022-01-02T08:13:12,27.21430,-78.30220,0.0,360.0,511.0,MERMAID,,WDM6517,70,15,40,9,0.0,70,A
368225930,2022-01-02T08:30:11,27.21430,-78.30219,0.1,360.0,511.0,MERMAID,,WDM6517,70,15,40,9,0.0,70,A
368225930,2022-01-02T08:14:31,27.21430,-78.30220,0.0,360.0,511.0,MERMAID,,WDM6517,70,15,40,9,0.0,70,A
368225930,2022-01-02T08:16:12,27.21430,-78.30219,0.0,360.0,511.0,MERMAID,,WDM6517,70,15,40,9,0.0,70,A
368225930,2022-01-02T08:44:41,27.21429,-78.30220,0.0,360.0,511.0,MERMAID,,WDM6517,70,15,40,9,0.0,70,A
368225930,2022-01-02T09:02:32,27.21429,-78.30222,0.0,360.0,511.0,MERMAID,,WDM6517,70,15,40,9,0.0,70,A
368225930,2022-01-02T08:35:31,27.21429,-78.30220,0.1,360.0,511.0,MERMAID,,WDM6517,70,15,40,9,0.0,70,A
368225930,2022-01-02T09:09:42,27.21428,-78.30222,0.0,360.0,511.0,MERMAID,,WDM6517,70,15,40,9,0.0,70,A
368225930,2022-01-02T08:38:11,27.21429,-78.30220,0.0,360.0,511.0,MERMAID,,WDM6517,70,15,40,9,0.0,70,A
368225930,2022-01-02T09:12:52,27.21428,-78.30221,0.0,360.0,511.0,MERMAID,,WDM6517,70,15,40,9,0.0,70,A
368225930,2022-01-02T09:31:10,27.21428,-78.30222,0.1,360.0,511.0,MERMAID,,WDM6517,70,15,40,9,0.0,70,A
368225930,2022-01-02T09:01:21,27.21429,-78.30222,0.0,360.0,511.0,MERMAID,,WDM6517,70,15,40,9,0.0,70,A
368225930,2022-01-02T09:04:32,27.21428,-78.30221,0.1,360.0,511.0,MERMAID,,WDM6517,70,15,40,9,0.0,70,A
368225930,2022-01-02T09:23:21,27.21427,-78.30223,0.0,360.0,511.0,MERMAID,,WDM6517,70,15,40,9,0.0,70,A
368225930,2022-01-02T09:06:11,27.21427,-78.30221,0.0,360.0,511.0,MERMAID,,WDM6517,70,15,40,9,0.0,70,A
368225930,2022-01-02T09:27:12,27.21427,-78.30221,0.0,360.0,511.0,MERMAID,,WDM6517,70,15,40,9,0.0,70,A
368225930,2022-01-02T09:29:52,27.21428,-78.30221,0.1,360.0,511.0,MERMAID,,WDM6517,70,15,40,9,0.0,70,A
368225930,2022-01-02T09:14:30,27.21427,-78.30222,0.0,360.0,511.0,MERMAID,,WDM6517,70,15,40,9,0.0,70,A
368225930,2022-01-02T09:24:51,27.21427,-78.30221,0.1,360.0,511.0,MERMAID,,WDM6517,70,15,40,9,0.0,70,A
368225930,2022-01-02T09:20:21,27.21427,-78.30222,0.0,360.0,511.0,MERMAID,,WDM6517,70,15,40,9,0.0,70,A
368225930,2022-01-02T09:55:21,27.21428,-78.30221,0.1,360.0,511.0,MERMAID,,WDM6517,70,15,40,9,0.0,70,A
368225930,2022-01-02T09:56:31,27.21428,-78.30221,0.0,360.0,511.0,MERMAID,,WDM6517,70,15,40,9,0.0,70,A
368225930,2022-01-02T09:33:32,27.21428,-78.30222,0.0,360.0,511.0,MERMAID,,WDM6517,70,15,40,9,0.0,70,A
368225930,2022-01-02T09:41:30,27.21428,-78.30221,0.1,360.0,511.0,MERMAID,,WDM6517,70,15,40,9,0.0,70,A
368225930,2022-01-02T10:15:11,27.21427,-78.30221,0.0,360.0,511.0,MERMAID,,WDM6517,70,15,40,9,0.0,70,A
368225930,2022-01-02T10:17:11,27.21427,-78.30221,0.1,360.0,511.0,MERMAID,,WDM6517,70,15,40,9,0.0,70,A
368225930,2022-01-02T10:20:51,27.21428,-78.30221,0.1,360.0,511.0,MERMAID,,WDM6517,70,15,40,9,0.0,70,A
368225930,2022-01-02T09:48:21,27.21428,-78.30221,0.0,360.0,511.0,MERMAID,,WDM6517,70,15,40,9,0.0,70,A
368225930,2022-01-02T09:57:40,27.21428,-78.30221,0.0,360.0,511.0,MERMAID,,WDM6517,70,15,40,9,0.0,70,A
368225930,2022-01-02T09:58:51,27.21428,-78.30221,0.0,360.0,511.0,MERMAID,,WDM6517,70,15,40,9,0.0,70,A
368225930,2022-01-02T10:11:41,27.21428,-78.30221,0.0,360.0,511.0,MERMAID,,WDM6517,70,15,40,9,0.0,70,A
368225930,2022-01-02T10:45:31,27.21428,-78.30221,0.0,360.0,511.0,MERMAID,,WDM6517,70,15,40,9,0.0,70,A
368225930,2022-01-02T11:04:31,27.21428,-78.30222,0.0,360.0,511.0,MERMAID,,WDM6517,70,15,40,9,0.0,70,A
368225930,2022-01-02T11:11:11,27.21428,-78.30222,0.0,360.0,511.0,MERMAID,,WDM6517,70,15,40,9,0.0,70,A
368225930,2022-01-02T11:13:42,27.21428,-78.30222,0.1,360.0,511.0,MERMAID,,WDM6517,70,15,40,9,0.0,70,A
368225930,2022-01-02T10:35:21,27.21428,-78.30220,0.0,360.0,511.0,MERMAID,,WDM6517,70,15,40,9,0.0,70,A
368225930,2022-01-02T11:16:21,27.21427,-78.30221,0.1,360.0,511.0,MERMAID,,WDM6517,70,15,40,9,0.0,70,A
368225930,2022-01-02T10:37:52,27.21428,-78.30221,0.1,360.0,511.0,MERMAID,,WDM6517,70,15,40,9,0.0,70,A
368225930,2022-01-02T11:27:32,27.21428,-78.30222,0.2,360.0,511.0,MERMAID,,WDM6517,70,15,40,9,0.0,70,A
368225930,2022-01-02T10:51:41,27.21428,-78.30222,0.1,360.0,511.0,MERMAID,,WDM6517,70,15,40,9,0.0,70,A
368225930,2022-01-02T11:02:52,27.21427,-78.30223,0.1,360.0,511.0,MERMAID,,WDM6517,70,15,40,9,0.0,70,A
368225930,2022-01-02T10:49:02,27.21428,-78.30221,0.0,360.0,511.0,MERMAID,,WDM6517,70,15,40,9,0.0,70,A
368225930,2022-01-02T11:09:21,27.21427,-78.30221,0.0,360.0,511.0,MERMAID,,WDM6517,70,15,40,9,0.0,70,A
368225930,2022-01-02T11:18:10,27.21428,-78.30222,0.1,360.0,511.0,MERMAID,,WDM6517,70,15,40,9,0.0,70,A
368225930,2022-01-02T11:19:32,27.21428,-78.30221,0.0,360.0,511.0,MERMAID,,WDM6517,70,15,40,9,0.0,70,A
368225930,2022-01-02T12:04:22,27.21428,-78.30222,0.1,360.0,511.0,MERMAID,,WDM6517,70,15,40,9,0.0,70,A
368225930,2022-01-02T11:45:22,27.21427,-78.30222,0.1,360.0,511.0,MERMAID,,WDM6517,70,15,40,9,0.0,70,A
368225930,2022-01-02T12:07:12,27.21429,-78.30222,0.1,360.0,511.0,MERMAID,,WDM6517,70,15,40,9,0.0,70,A
368225930,2022-01-02T12:42:11,27.21428,-78.30219,0.1,360.0,511.0,MERMAID,,WDM6517,70,15,40,9,0.0,70,A
368225930,2022-01-02T12:45:50,27.21427,-78.30219,0.1,360.0,511.0,MERMAID,,WDM6517,70,15,40,9,0.0,70,A
368225930,2022-01-02T12:10:11,27.21428,-78.30222,0.1,360.0,511.0,MERMAID,,WDM6517,70,15,40,9,0.0,70,A
368225930,2022-01-02T12:49:11,27.21428,-78.30219,0.1,360.0,511.0,MERMAID,,WDM6517,70,15,40,9,0.0,70,A
368225930,2022-01-02T12:19:01,27.21427,-78.30222,0.0,360.0,511.0,MERMAID,,WDM6517,70,15,40,9,0.0,70,A
368225930,2022-01-02T12:56:52,27.21428,-78.30222,0.0,360.0,511.0,MERMAID,,WDM6517,70,15,40,9,0.0,70,A
368225930,2022-01-02T12:58:02,27.21428,-78.30222,0.1,360.0,511.0,MERMAID,,WDM6517,70,15,40,9,0.0,70,A
368225930,2022-01-02T13:05:01,27.21427,-78.30220,0.0,360.0,511.0,MERMAID,,WDM6517,70,15,40,9,0.0,70,A
368225930,2022-01-02T13:11:51,27.21428,-78.30219,0.1,360.0,511.0,MERMAID,,WDM6517,70,15,40,9,0.0,70,A
368225930,2022-01-02T13:13:31,27.21428,-78.30219,0.0,360.0,511.0,MERMAID,,WDM6517,70,15,40,9,0.0,70,A
368225930,2022-01-02T12:35:12,27.21428,-78.30221,0.0,360.0,511.0,MERMAID,,WDM6517,70,15,40,9,0.0,70,A
368225930,2022-01-02T12:38:51,27.21427,-78.30220,0.0,360.0,511.0,MERMAID,,WDM6517,70,15,40,9,0.0,70,A
368225930,2022-01-02T13:08:51,27.21428,-78.30220,0.0,360.0,511.0,MERMAID,,WDM6517,70,15,40,9,0.0,70,A
368225930,2022-01-02T12:51:52,27.21428,-78.30219,0.1,360.0,511.0,MERMAID,,WDM6517,70,15,40,9,0.0,70,A
368225930,2022-01-02T12:53:41,27.21428,-78.30221,0.0,360.0,511.0,MERMAID,,WDM6517,70,15,40,9,0.0,70,A
368225930,2022-01-02T13:36:50,27.21429,-78.30220,0.0,360.0,511.0,MERMAID,,WDM6517,70,15,40,9,0.0,70,A
368225930,2022-01-02T13:34:31,27.21428,-78.30219,0.2,360.0,511.0,MERMAID,,WDM6517,70,15,40,9,0.0,70,A
368225930,2022-01-02T13:31:01,27.21429,-78.30219,0.0,360.0,511.0,MERMAID,,WDM6517,70,15,40,9,0.0,70,A
368225930,2022-01-02T13:48:52,27.21428,-78.30219,0.0,360.0,511.0,MERMAID,,WDM6517,70,15,40,9,0.0,70,A
368225930,2022-01-02T13:03:01,27.21428,-78.30220,0.1,360.0,511.0,MERMAID,,WDM6517,70,15,40,9,0.0,70,A
368225930,2022-01-02T13:07:21,27.21428,-78.30219,0.2,360.0,511.0,MERMAID,,WDM6517,70,15,40,9,0.0,70,A
368225930,2022-01-02T13:40:31,27.21429,-78.30219,0.0,360.0,511.0,MERMAID,,WDM6517,70,15,40,9,0.0,70,A
368225930,2022-01-02T13:23:51,27.21429,-78.30219,0.0,360.0,511.0,MERMAID,,WDM6517,70,15,40,9,0.0,70,A
368225930,2022-01-02T13:17:52,27.21428,-78.30220,0.1,360.0,511.0,MERMAID,,WDM6517,70,15,40,9,0.0,70,A
368225930,2022-01-02T13:25:01,27.21429,-78.30219,0.1,360.0,511.0,MERMAID,,WDM6517,70,15,40,9,0.0,70,A
368225930,2022-01-02T13:39:12,27.21428,-78.30220,0.1,360.0,511.0,MERMAID,,WDM6517,70,15,40,9,0.0,70,A
368225930,2022-01-02T14:35:21,27.21428,-78.30219,0.1,360.0,511.0,MERMAID,,WDM6517,70,15,40,9,0.0,70,A
368225930,2022-01-02T13:52:42,27.21429,-78.30219,0.1,360.0,511.0,MERMAID,,WDM6517,70,15,40,9,0.0,70,A
368225930,2022-01-02T14:06:42,27.21429,-78.30219,0.0,360.0,511.0,MERMAID,,WDM6517,70,15,40,9,0.0,70,A
368225930,2022-01-02T13:55:01,27.21429,-78.30219,0.1,360.0,511.0,MERMAID,,WDM6517,70,15,40,9,0.0,70,A
368225930,2022-01-02T14:11:11,27.21428,-78.30219,0.1,360.0,511.0,MERMAID,,WDM6517,70,15,40,9,0.0,70,A
368225930,2022-01-02T14:08:10,27.21428,-78.30219,0.1,360.0,511.0,MERMAID,,WDM6517,70,15,40,9,0.0,70,A
368225930,2022-01-02T14:27:02,27.21429,-78.30219,0.1,360.0,511.0,MERMAID,,WDM6517,70,15,40,9,0.0,70,A
368225930,2022-01-02T15:07:50,27.21426,-78.30219,0.1,360.0,511.0,MERMAID,,WDM6517,70,15,40,9,0.0,70,A
368225930,2022-01-02T15:09:12,27.21427,-78.30219,0.1,360.0,511.0,MERMAID,,WDM6517,70,15,40,9,0.0,70,A
368225930,2022-01-02T15:04:50,27.21427,-78.30219,0.0,360.0,511.0,MERMAID,,WDM6517,70,15,40,9,0.0,70,A
368225930,2022-01-02T15:06:41,27.21427,-78.30219,0.0,360.0,511.0,MERMAID,,WDM6517,70,15,40,9,0.0,70,A
368225930,2022-01-02T15:12:52,27.21427,-78.30219,0.1,360.0,511.0,MERMAID,,WDM6517,70,15,40,9,0.0,70,A
368225930,2022-01-02T15:14:42,27.21427,-78.30219,0.0,360.0,511.0,MERMAID,,WDM6517,70,15,40,9,0.0,70,A
368225930,2022-01-02T15:11:42,27.21427,-78.30219,0.1,360.0,511.0,MERMAID,,WDM6517,70,15,40,9,0.0,70,A
368225930,2022-01-02T15:24:02,27.21427,-78.30219,0.0,360.0,511.0,MERMAID,,WDM6517,70,15,40,9,0.0,70,A
368225930,2022-01-02T15:28:32,27.21427,-78.30219,0.1,360.0,511.0,MERMAID,,WDM6517,70,15,40,9,0.0,70,A
368225930,2022-01-02T15:38:50,27.21427,-78.30219,0.0,360.0,511.0,MERMAID,,WDM6517,70,15,40,9,0.0,70,A
368225930,2022-01-02T15:33:21,27.21427,-78.30219,0.1,360.0,511.0,MERMAID,,WDM6517,70,15,40,9,0.0,70,A
368225930,2022-01-02T15:41:32,27.21427,-78.30219,0.1,360.0,511.0,MERMAID,,WDM6517,70,15,40,9,0.0,70,A
368225930,2022-01-02T15:43:01,27.21428,-78.30219,0.2,360.0,511.0,MERMAID,,WDM6517,70,15,40,9,0.0,70,A
368225930,2022-01-02T15:44:11,27.21427,-78.30219,0.1,360.0,511.0,MERMAID,,WDM6517,70,15,40,9,0.0,70,A
368225930,2022-01-02T15:46:21,27.21427,-78.30220,0.0,360.0,511.0,MERMAID,,WDM6517,70,15,40,9,0.0,70,A
368225930,2022-01-02T15:37:42,27.21427,-78.30219,0.0,360.0,511.0,MERMAID,,WDM6517,70,15,40,9,0.0,70,A
368225930,2022-01-02T15:18:31,27.21427,-78.30219,0.1,360.0,511.0,MERMAID,,WDM6517,70,15,40,9,0.0,70,A
368225930,2022-01-02T06:50:52,27.21430,-78.30221,0.0,360.0,511.0,MERMAID,,WDM6517,70,15,40,9,0.0,70,A
368225930,2022-01-02T15:19:32,27.21427,-78.30219,0.1,360.0,511.0,MERMAID,,WDM6517,70,15,40,9,0.0,70,A
368225930,2022-01-02T16:00:12,27.21427,-78.30219,0.0,360.0,511.0,MERMAID,,WDM6517,70,15,40,9,0.0,70,A
368225930,2022-01-02T15:16:32,27.21427,-78.30219,0.1,360.0,511.0,MERMAID,,WDM6517,70,15,40,9,0.0,70,A
368225930,2022-01-02T15:29:41,27.21427,-78.30219,0.0,360.0,511.0,MERMAID,,WDM6517,70,15,40,9,0.0,70,A
368225930,2022-01-02T15:34:30,27.21427,-78.30219,0.1,360.0,511.0,MERMAID,,WDM6517,70,15,40,9,0.0,70,A
368225930,2022-01-02T15:56:41,27.21426,-78.30218,0.0,360.0,511.0,MERMAID,,WDM6517,70,15,40,9,0.0,70,A
368225930,2022-01-02T15:20:40,27.21427,-78.30219,0.1,360.0,511.0,MERMAID,,WDM6517,70,15,40,9,0.0,70,A
368225930,2022-01-02T15:45:12,27.21427,-78.30219,0.1,360.0,511.0,MERMAID,,WDM6517,70,15,40,9,0.0,70,A
368225930,2022-01-02T16:15:51,27.21427,-78.30219,0.0,360.0,511.0,MERMAID,,WDM6517,70,15,40,9,0.0,70,A
368225930,2022-01-02T15:48:41,27.21427,-78.30219,0.0,360.0,511.0,MERMAID,,WDM6517,70,15,40,9,0.0,70,A
368225930,2022-01-02T16:21:51,27.21427,-78.30219,0.0,360.0,511.0,MERMAID,,WDM6517,70,15,40,9,0.0,70,A
368225930,2022-01-02T15:35:42,27.21427,-78.30219,0.0,360.0,511.0,MERMAID,,WDM6517,70,15,40,9,0.0,70,A
368225930,2022-01-02T16:12:02,27.21427,-78.30219,0.1,360.0,511.0,MERMAID,,WDM6517,70,15,40,9,0.0,70,A
368225930,2022-01-02T15:30:51,27.21427,-78.30219,0.0,360.0,511.0,MERMAID,,WDM6517,70,15,40,9,0.0,70,A
368225930,2022-01-02T16:18:30,27.21427,-78.30219,0.1,360.0,511.0,MERMAID,,WDM6517,70,15,40,9,0.0,70,A
368225930,2022-01-02T15:47:31,27.21427,-78.30219,0.1,360.0,511.0,MERMAID,,WDM6517,70,15,40,9,0.0,70,A
368225930,2022-01-02T16:32:41,27.21427,-78.30219,0.0,360.0,511.0,MERMAID,,WDM6517,70,15,40,9,0.0,70,A
368225930,2022-01-02T16:05:11,27.21427,-78.30218,0.0,360.0,511.0,MERMAID,,WDM6517,70,15,40,9,0.0,70,A
368225930,2022-01-02T16:38:42,27.21427,-78.30220,0.1,360.0,511.0,MERMAID,,WDM6517,70,15,40,9,0.0,70,A
368225930,2022-01-02T16:08:32,27.21427,-78.30218,0.0,360.0,511.0,MERMAID,,WDM6517,70,15,40,9,0.0,70,A
368225930,2022-01-02T16:10:21,27.21427,-78.30219,0.0,360.0,511.0,MERMAID,,WDM6517,70,15,40,9,0.0,70,A
368225930,2022-01-02T15:52:22,27.21427,-78.30220,0.0,360.0,511.0,MERMAID,,WDM6517,70,15,40,9,0.0,70,A
368225930,2022-01-02T16:14:40,27.21427,-78.30219,0.1,360.0,511.0,MERMAID,,WDM6517,70,15,40,9,0.0,70,A
368225930,2022-01-02T16:47:22,27.21426,-78.30221,0.0,360.0,511.0,MERMAID,,WDM6517,70,15,40,9,0.0,70,A
368225930,2022-01-02T16:01:52,27.21427,-78.30218,0.0,360.0,511.0,MERMAID,,WDM6517,70,15,40,9,0.0,70,A
368225930,2022-01-02T16:44:42,27.21426,-78.30220,0.0,360.0,511.0,MERMAID,,WDM6517,70,15,40,9,0.0,70,A
368225930,2022-01-02T16:03:02,27.21427,-78.30218,0.0,360.0,511.0,MERMAID,,WDM6517,70,15,40,9,0.0,70,A
368225930,2022-01-02T16:25:22,27.21427,-78.30219,0.0,360.0,511.0,MERMAID,,WDM6517,70,15,40,9,0.0,70,A
368225930,2022-01-02T16:31:31,27.21427,-78.30219,0.0,360.0,511.0,MERMAID,,WDM6517,70,15,40,9,0.0,70,A
368225930,2022-01-02T16:52:12,27.21427,-78.30219,0.0,360.0,511.0,MERMAID,,WDM6517,70,15,40,9,0.0,70,A
368225930,2022-01-02T16:13:11,27.21427,-78.30219,0.1,360.0,511.0,MERMAID,,WDM6517,70,15,40,9,0.0,70,A
368225930,2022-01-02T16:40:10,27.21426,-78.30221,0.0,360.0,511.0,MERMAID,,WDM6517,70,15,40,9,0.0,70,A
368225930,2022-01-02T17:16:12,27.21427,-78.30220,0.0,360.0,511.0,MERMAID,,WDM6517,70,15,40,9,0.0,70,A
368225930,2022-01-02T16:23:52,27.21427,-78.30218,0.0,360.0,511.0,MERMAID,,WDM6517,70,15,40,9,0.0,70,A
368225930,2022-01-02T16:26:31,27.21427,-78.30219,0.0,360.0,511.0,MERMAID,,WDM6517,70,15,40,9,0.0,70,A
368225930,2022-01-02T17:19:41,27.21428,-78.30220,0.1,360.0,511.0,MERMAID,,WDM6517,70,15,40,9,0.0,70,A
368225930,2022-01-02T17:25:21,27.21427,-78.30220,0.0,360.0,511.0,MERMAID,,WDM6517,70,15,40,9,0.0,70,A
368225930,2022-01-02T17:22:51,27.21428,-78.30220,0.1,360.0,511.0,MERMAID,,WDM6517,70,15,40,9,0.0,70,A
368225930,2022-01-02T16:37:41,27.21427,-78.30218,0.0,360.0,511.0,MERMAID,,WDM6517,70,15,40,9,0.0,70,A
368225930,2022-01-02T16:56:01,27.21427,-78.30219,0.1,360.0,511.0,MERMAID,,WDM6517,70,15,40,9,0.0,70,A
368225930,2022-01-02T17:38:02,27.21428,-78.30221,0.1,360.0,511.0,MERMAID,,WDM6517,70,15,40,9,0.0,70,A
368225930,2022-01-02T17:09:41,27.21427,-78.30221,0.1,360.0,511.0,MERMAID,,WDM6517,70,15,40,9,0.0,70,A
368225930,2022-01-02T17:11:11,27.21426,-78.30220,0.0,360.0,511.0,MERMAID,,WDM6517,70,15,40,9,0.0,70,A
368225930,2022-01-02T17:31:21,27.21428,-78.30221,0.1,360.0,511.0,MERMAID,,WDM6517,70,15,40,9,0.0,70,A
368225930,2022-01-02T17:15:01,27.21427,-78.30221,0.0,360.0,511.0,MERMAID,,WDM6517,70,15,40,9,0.0,70,A
368225930,2022-01-02T17:33:30,27.21427,-78.30221,0.0,360.0,511.0,MERMAID,,WDM6517,70,15,40,9,0.0,70,A
368225930,2022-01-02T17:17:50,27.21427,-78.30220,0.1,360.0,511.0,MERMAID,,WDM6517,70,15,40,9,0.0,70,A
368225930,2022-01-02T18:17:21,27.21430,-78.30221,0.0,360.0,511.0,MERMAID,,WDM6517,70,15,40,9,0.0,70,A
368225930,2022-01-02T17:29:30,27.21428,-78.30221,0.1,360.0,511.0,MERMAID,,WDM6517,70,15,40,9,0.0,70,A
368225930,2022-01-02T18:28:51,27.21431,-78.30220,0.1,360.0,511.0,MERMAID,,WDM6517,70,15,40,9,0.0,70,A
368225930,2022-01-02T18:50:52,27.21432,-78.30221,0.0,360.0,511.0,MERMAID,,WDM6517,70,15,40,9,0.0,70,A
368225930,2022-01-02T19:14:50,27.21432,-78.30221,0.0,360.0,511.0,MERMAID,,WDM6517,70,15,40,9,0.0,70,A
368225930,2022-01-02T18:59:41,27.21432,-78.30221,0.0,360.0,511.0,MERMAID,,WDM6517,70,15,40,9,0.0,70,A
368225930,2022-01-02T18:46:41,27.21432,-78.30220,0.0,360.0,511.0,MERMAID,,WDM6517,70,15,40,9,0.0,70,A
368225930,2022-01-02T19:13:22,27.21432,-78.30221,0.0,360.0,511.0,MERMAID,,WDM6517,70,15,40,9,0.0,70,A
368225930,2022-01-02T18:41:02,27.21431,-78.30220,0.0,360.0,511.0,MERMAID,,WDM6517,70,15,40,9,0.0,70,A
368225930,2022-01-02T18:52:21,27.21432,-78.30221,0.0,360.0,511.0,MERMAID,,WDM6517,70,15,40,9,0.0,70,A
368225930,2022-01-02T19:11:01,27.21432,-78.30220,0.0,360.0,511.0,MERMAID,,WDM6517,70,15,40,9,0.0,70,A
368225930,2022-01-02T19:28:51,27.21432,-78.30221,0.0,360.0,511.0,MERMAID,,WDM6517,70,15,40,9,0.0,70,A
368225930,2022-01-02T19:18:31,27.21432,-78.30221,0.0,360.0,511.0,MERMAID,,WDM6517,70,15,40,9,0.0,70,A
368225930,2022-01-02T19:07:22,27.21432,-78.30220,0.0,360.0,511.0,MERMAID,,WDM6517,70,15,40,9,0.0,70,A
368225930,2022-01-02T19:08:50,27.21432,-78.30221,0.0,360.0,511.0,MERMAID,,WDM6517,70,15,40,9,0.0,70,A
368225930,2022-01-02T19:45:01,27.21431,-78.30222,0.0,360.0,511.0,MERMAID,,WDM6517,70,15,40,9,0.0,70,A
368225930,2022-01-02T19:27:21,27.21432,-78.30221,0.0,360.0,511.0,MERMAID,,WDM6517,70,15,40,9,0.0,70,A
368225930,2022-01-02T19:16:12,27.21432,-78.30222,0.0,360.0,511.0,MERMAID,,WDM6517,70,15,40,9,0.0,70,A
368225930,2022-01-02T19:17:22,27.21432,-78.30221,0.0,360.0,511.0,MERMAID,,WDM6517,70,15,40,9,0.0,70,A
368225930,2022-01-02T19:20:02,27.21432,-78.30221,0.0,360.0,511.0,MERMAID,,WDM6517,70,15,40,9,0.0,70,A
368225930,2022-01-02T19:21:11,27.21432,-78.30221,0.0,360.0,511.0,MERMAID,,WDM6517,70,15,40,9,0.0,70,A
368225930,2022-01-02T20:29:12,27.21430,-78.30221,0.0,360.0,511.0,MERMAID,,WDM6517,70,15,40,9,0.0,70,A
368225930,2022-01-02T19:51:30,27.21431,-78.30222,0.0,360.0,511.0,MERMAID,,WDM6517,70,15,40,9,0.0,70,A
368225930,2022-01-02T19:54:02,27.21431,-78.30221,0.0,360.0,511.0,MERMAID,,WDM6517,70,15,40,9,0.0,70,A
368225930,2022-01-02T20:07:52,27.21430,-78.30221,0.0,360.0,511.0,MERMAID,,WDM6517,70,15,40,9,0.0,70,A
368225930,2022-01-02T20:34:02,27.21430,-78.30222,0.0,360.0,511.0,MERMAID,,WDM6517,70,15,40,9,0.0,70,A
368225930,2022-01-02T20:43:01,27.21430,-78.30221,0.0,360.0,511.0,MERMAID,,WDM6517,70,15,40,9,0.0,70,A
368225930,2022-01-02T21:00:00,27.21427,-78.30220,0.0,360.0,511.0,MERMAID,,WDM6517,70,15,40,9,0.0,70,A
368225930,2022-01-02T21:21:42,27.21427,-78.30219,0.0,360.0,511.0,MERMAID,,WDM6517,70,15,40,9,0.0,70,A
368225930,2022-01-02T20:58:41,27.21427,-78.30220,0.0,360.0,511.0,MERMAID,,WDM6517,70,15,40,9,0.0,70,A
368225930,2022-01-02T21:08:30,27.21426,-78.30219,0.1,360.0,511.0,MERMAID,,WDM6517,70,15,40,9,0.0,70,A
368225930,2022-01-02T21:01:22,27.21427,-78.30220,0.0,360.0,511.0,MERMAID,,WDM6517,70,15,40,9,0.0,70,A
368225930,2022-01-02T21:11:21,27.21427,-78.30219,0.1,360.0,511.0,MERMAID,,WDM6517,70,15,40,9,0.0,70,A
368225930,2022-01-02T21:09:41,27.21426,-78.30219,0.0,360.0,511.0,MERMAID,,WDM6517,70,15,40,9,0.0,70,A
368225930,2022-01-02T21:19:10,27.21427,-78.30219,0.1,360.0,511.0,MERMAID,,WDM6517,70,15,40,9,0.0,70,A
368225930,2022-01-02T21:26:42,27.21428,-78.30219,0.1,360.0,511.0,MERMAID,,WDM6517,70,15,40,9,0.0,70,A
368225930,2022-01-02T20:53:42,27.21429,-78.30220,0.0,360.0,511.0,MERMAID,,WDM6517,70,15,40,9,0.0,70,A
368225930,2022-01-02T21:23:51,27.21428,-78.30219,0.0,360.0,511.0,MERMAID,,WDM6517,70,15,40,9,0.0,70,A
368225930,2022-01-02T21:48:21,27.21428,-78.30220,0.0,360.0,511.0,MERMAID,,WDM6517,70,15,40,9,0.0,70,A
368225930,2022-01-02T21:14:10,27.21427,-78.30219,0.0,360.0,511.0,MERMAID,,WDM6517,70,15,40,9,0.0,70,A
368225930,2022-01-02T20:56:21,27.21428,-78.30220,0.0,360.0,511.0,MERMAID,,WDM6517,70,15,40,9,0.0,70,A
368225930,2022-01-02T21:58:52,27.21429,-78.30220,0.0,360.0,511.0,MERMAID,,WDM6517,70,15,40,9,0.0,70,A
368225930,2022-01-02T22:01:52,27.21429,-78.30219,0.0,360.0,511.0,MERMAID,,WDM6517,70,15,40,9,0.0,70,A
368225930,2022-01-02T21:15:42,27.21427,-78.30219,0.0,360.0,511.0,MERMAID,,WDM6517,70,15,40,9,0.0,70,A
368225930,2022-01-02T21:25:21,27.21428,-78.30220,0.0,360.0,511.0,MERMAID,,WDM6517,70,15,40,9,0.0,70,A
368225930,2022-01-02T21:27:51,27.21428,-78.30220,0.0,360.0,511.0,MERMAID,,WDM6517,70,15,40,9,0.0,70,A
368225930,2022-01-02T21:31:52,27.21428,-78.30220,0.0,360.0,511.0,MERMAID,,WDM6517,70,15,40,9,0.0,70,A
368225930,2022-01-02T22:10:01,27.21429,-78.30220,0.0,360.0,511.0,MERMAID,,WDM6517,70,15,40,9,0.0,70,A
368225930,2022-01-02T21:29:31,27.21428,-78.30220,0.0,360.0,511.0,MERMAID,,WDM6517,70,15,40,9,0.0,70,A
368225930,2022-01-02T21:20:22,27.21426,-78.30218,0.0,360.0,511.0,MERMAID,,WDM6517,70,15,40,9,0.0,70,A
368225930,2022-01-02T22:06:01,27.21428,-78.30219,0.0,360.0,511.0,MERMAID,,WDM6517,70,15,40,9,0.0,70,A
368225930,2022-01-02T22:04:52,27.21429,-78.30220,0.0,360.0,511.0,MERMAID,,WDM6517,70,15,40,9,0.0,70,A
368225930,2022-01-02T21:41:02,27.21428,-78.30220,0.0,360.0,511.0,MERMAID,,WDM6517,70,15,40,9,0.0,70,A
368225930,2022-01-02T22:11:12,27.21429,-78.30219,0.0,360.0,511.0,MERMAID,,WDM6517,70,15,40,9,0.0,70,A
368225930,2022-01-02T22:13:31,27.21429,-78.30220,0.0,360.0,511.0,MERMAID,,WDM6517,70,15,40,9,0.0,70,A
368225930,2022-01-02T21:52:52,27.21428,-78.30220,0.0,360.0,511.0,MERMAID,,WDM6517,70,15,40,9,0.0,70,A
368225930,2022-01-02T22:17:50,27.21429,-78.30220,0.1,360.0,511.0,MERMAID,,WDM6517,70,15,40,9,0.0,70,A
368225930,2022-01-02T21:33:21,27.21428,-78.30220,0.0,360.0,511.0,MERMAID,,WDM6517,70,15,40,9,0.0,70,A
368225930,2022-01-02T22:35:32,27.21429,-78.30220,0.0,360.0,511.0,MERMAID,,WDM6517,70,15,40,9,0.0,70,A
368225930,2022-01-02T21:55:22,27.21428,-78.30220,0.0,360.0,511.0,MERMAID,,WDM6517,70,15,40,9,0.0,70,A
368225930,2022-01-02T22:16:10,27.21429,-78.30220,0.0,360.0,511.0,MERMAID,,WDM6517,70,15,40,9,0.0,70,A
368225930,2022-01-02T22:14:52,27.21429,-78.30220,0.1,360.0,511.0,MERMAID,,WDM6517,70,15,40,9,0.0,70,A
368225930,2022-01-02T22:12:22,27.21429,-78.30220,0.0,360.0,511.0,MERMAID,,WDM6517,70,15,40,9,0.0,70,A
368225930,2022-01-02T22:40:22,27.21429,-78.30220,0.0,360.0,511.0,MERMAID,,WDM6517,70,15,40,9,0.0,70,A
368225930,2022-01-02T21:57:12,27.21428,-78.30221,0.0,360.0,511.0,MERMAID,,WDM6517,70,15,40,9,0.0,70,A
368225930,2022-01-02T22:29:01,27.21429,-78.30219,0.0,360.0,511.0,MERMAID,,WDM6517,70,15,40,9,0.0,70,A
368225930,2022-01-02T22:03:11,27.21429,-78.30219,0.0,360.0,511.0,MERMAID,,WDM6517,70,15,40,9,0.0,70,A
368225930,2022-01-02T09:50:42,27.21428,-78.30221,0.0,360.0,511.0,MERMAID,,WDM6517,70,15,40,9,0.0,70,A
368225930,2022-01-02T23:09:02,27.21429,-78.30220,0.0,360.0,511.0,MERMAID,,WDM6517,70,15,40,9,0.0,70,A
368225930,2022-01-02T23:12:42,27.21429,-78.30220,0.0,360.0,511.0,MERMAID,,WDM6517,70,15,40,9,0.0,70,A
368225930,2022-01-02T22:56:42,27.21429,-78.30220,0.0,360.0,511.0,MERMAID,,WDM6517,70,15,40,9,0.0,70,A
368225930,2022-01-02T10:07:01,27.21427,-78.30222,0.0,360.0,511.0,MERMAID,,WDM6517,70,15,40,9,0.0,70,A
368225930,2022-01-02T10:24:51,27.21429,-78.30221,0.0,360.0,511.0,MERMAID,,WDM6517,70,15,40,9,0.0,70,A
368225930,2022-01-02T10:27:42,27.21428,-78.30221,0.1,360.0,511.0,MERMAID,,WDM6517,70,15,40,9,0.0,70,A
368225930,2022-01-02T10:33:12,27.21428,-78.30220,0.1,360.0,511.0,MERMAID,,WDM6517,70,15,40,9,0.0,70,A
368225930,2022-01-02T12:02:12,27.21428,-78.30222,0.0,360.0,511.0,MERMAID,,WDM6517,70,15,40,9,0.0,70,A
368225930,2022-01-02T12:08:41,27.21428,-78.30222,0.0,360.0,511.0,MERMAID,,WDM6517,70,15,40,9,0.0,70,A
368225930,2022-01-02T13:42:01,27.21429,-78.30219,0.1,360.0,511.0,MERMAID,,WDM6517,70,15,40,9,0.0,70,A
368225930,2022-01-02T13:58:32,27.21429,-78.30219,0.0,360.0,511.0,MERMAID,,WDM6517,70,15,40,9,0.0,70,A
368225930,2022-01-02T14:00:22,27.21429,-78.30219,0.1,360.0,511.0,MERMAID,,WDM6517,70,15,40,9,0.0,70,A
368225930,2022-01-02T14:13:41,27.21428,-78.30219,0.2,118.5,511.0,MERMAID,,WDM6517,70,15,40,9,0.0,70,A
368225930,2022-01-02T14:32:31,27.21428,-78.30219,0.0,360.0,511.0,MERMAID,,WDM6517,70,15,40,9,0.0,70,A
368225930,2022-01-02T15:03:22,27.21427,-78.30219,0.1,360.0,511.0,MERMAID,,WDM6517,70,15,40,9,0.0,70,A
368225930,2022-01-02T15:22:41,27.21427,-78.30219,0.0,360.0,511.0,MERMAID,,WDM6517,70,15,40,9,0.0,70,A
368225930,2022-01-02T15:25:51,27.21427,-78.30219,0.0,360.0,511.0,MERMAID,,WDM6517,70,15,40,9,0.0,70,A
368225930,2022-01-02T15:32:12,27.21427,-78.30219,0.0,360.0,511.0,MERMAID,,WDM6517,70,15,40,9,0.0,70,A
368225930,2022-01-02T15:40:22,27.21427,-78.30219,0.1,360.0,511.0,MERMAID,,WDM6517,70,15,40,9,0.0,70,A
368225930,2022-01-02T15:59:41,27.21427,-78.30219,0.0,360.0,511.0,MERMAID,,WDM6517,70,15,40,9,0.0,70,A
368225930,2022-01-02T16:06:51,27.21427,-78.30218,0.0,360.0,511.0,MERMAID,,WDM6517,70,15,40,9,0.0,70,A
368225930,2022-01-02T16:17:01,27.21427,-78.30219,0.0,360.0,511.0,MERMAID,,WDM6517,70,15,40,9,0.0,70,A
368225930,2022-01-02T16:28:22,27.21427,-78.30219,0.0,360.0,511.0,MERMAID,,WDM6517,70,15,40,9,0.0,70,A
368225930,2022-01-02T16:29:41,27.21427,-78.30219,0.1,360.0,511.0,MERMAID,,WDM6517,70,15,40,9,0.0,70,A
368225930,2022-01-02T16:34:51,27.21427,-78.30219,0.0,360.0,511.0,MERMAID,,WDM6517,70,15,40,9,0.0,70,A
368225930,2022-01-02T16:41:42,27.21426,-78.30221,0.1,360.0,511.0,MERMAID,,WDM6517,70,15,40,9,0.0,70,A
368225930,2022-01-02T16:51:02,27.21427,-78.30220,0.0,360.0,511.0,MERMAID,,WDM6517,70,15,40,9,0.0,70,A
368225930,2022-01-02T16:57:51,27.21427,-78.30220,0.0,360.0,511.0,MERMAID,,WDM6517,70,15,40,9,0.0,70,A
368225930,2022-01-02T16:59:01,27.21427,-78.30220,0.1,360.0,511.0,MERMAID,,WDM6517,70,15,40,9,0.0,70,A
368225930,2022-01-02T17:05:41,27.21426,-78.30220,0.1,360.0,511.0,MERMAID,,WDM6517,70,15,40,9,0.0,70,A
368225930,2022-01-02T17:21:32,27.21428,-78.30221,0.1,360.0,511.0,MERMAID,,WDM6517,70,15,40,9,0.0,70,A
368225930,2022-01-02T18:48:01,27.21431,-78.30220,0.0,360.0,511.0,MERMAID,,WDM6517,70,15,40,9,0.0,70,A
368225930,2022-01-02T20:59:51,27.21427,-78.30220,0.0,360.0,511.0,MERMAID,,WDM6517,70,15,40,9,0.0,70,A
368225930,2022-01-02T21:39:12,27.21428,-78.30220,0.0,360.0,511.0,MERMAID,,WDM6517,70,15,40,9,0.0,70,A
368225930,2022-01-02T22:19:01,27.21429,-78.30220,0.0,360.0,511.0,MERMAID,,WDM6517,70,15,40,9,0.0,70,A
368225930,2022-01-02T22:31:51,27.21429,-78.30220,0.0,360.0,511.0,MERMAID,,WDM6517,70,15,40,9,0.0,70,A
368225930,2022-01-02T22:45:11,27.21429,-78.30220,0.1,360.0,511.0,MERMAID,,WDM6517,70,15,40,9,0.0,70,A
368225930,2022-01-02T23:16:01,27.21429,-78.30220,0.0,360.0,511.0,MERMAID,,WDM6517,70,15,40,9,0.0,70,A
368225930,2022-01-03T03:22:42,27.21428,-78.30220,0.1,360.0,511.0,MERMAID,,WDM6517,70,15,40,9,0.0,70,A
368225930,2022-01-03T03:47:11,27.21428,-78.30220,0.2,360.0,511.0,MERMAID,,WDM6517,70,15,40,9,0.0,70,A
368225930,2022-01-03T04:06:41,27.21428,-78.30220,0.0,360.0,511.0,MERMAID,,WDM6517,70,15,40,9,0.0,70,A
368225930,2022-01-03T03:06:31,27.21428,-78.30219,0.0,360.0,511.0,MERMAID,,WDM6517,70,15,40,9,0.0,70,A
368225930,2022-01-03T06:08:12,27.21432,-78.30222,0.0,360.0,511.0,MERMAID,,WDM6517,70,15,40,9,0.0,70,A
368225930,2022-01-03T03:52:51,27.21429,-78.30220,0.0,360.0,511.0,MERMAID,,WDM6517,70,15,40,9,0.0,70,A
368225930,2022-01-06T12:10:52,27.21430,-78.30220,0.0,360.0,511.0,MERMAID,,WDM6517,70,15,40,9,0.0,70,A
368225930,2022-01-06T12:18:32,27.21430,-78.30221,0.1,360.0,511.0,MERMAID,,WDM6517,70,15,40,9,0.0,70,A
368225930,2022-01-06T12:16:32,27.21429,-78.30221,0.1,360.0,511.0,MERMAID,,WDM6517,70,15,40,9,0.0,70,A
368225930,2022-01-06T12:46:32,27.21428,-78.30220,0.1,360.0,511.0,MERMAID,,WDM6517,70,15,40,9,0.0,70,A
368225930,2022-01-06T11:32:32,27.21429,-78.30220,0.0,360.0,511.0,MERMAID,,WDM6517,70,15,40,9,0.0,70,A
368225930,2022-01-06T11:42:51,27.21429,-78.30220,0.0,360.0,511.0,MERMAID,,WDM6517,70,15,40,9,0.0,70,A
368225930,2022-01-06T12:02:52,27.21429,-78.30220,0.0,360.0,511.0,MERMAID,,WDM6517,70,15,40,9,0.0,70,A
368225930,2022-01-06T12:28:31,27.21430,-78.30221,0.1,360.0,511.0,MERMAID,,WDM6517,70,15,40,9,0.0,70,A
368225930,2022-01-06T16:10:51,27.21426,-78.30219,0.1,360.0,511.0,MERMAID,,WDM6517,70,15,40,9,0.0,70,A
368225930,2022-01-06T12:48:21,27.21428,-78.30220,0.1,360.0,511.0,MERMAID,,WDM6517,70,15,40,9,0.0,70,A
368225930,2022-01-06T12:54:41,27.21429,-78.30219,0.0,360.0,511.0,MERMAID,,WDM6517,70,15,40,9,0.0,70,A
368225930,2022-01-06T15:59:52,27.21426,-78.30219,0.0,360.0,511.0,MERMAID,,WDM6517,70,15,40,9,0.0,70,A
368225930,2022-01-06T16:16:50,27.21427,-78.30219,0.1,360.0,511.0,MERMAID,,WDM6517,70,15,40,9,0.0,70,A
368225930,2022-01-06T16:18:12,27.21427,-78.30218,0.1,360.0,511.0,MERMAID,,WDM6517,70,15,40,9,0.0,70,A
368225930,2022-01-06T16:21:12,27.21427,-78.30218,0.0,360.0,511.0,MERMAID,,WDM6517,70,15,40,9,0.0,70,A
368225930,2022-01-06T17:39:30,27.21429,-78.30221,0.1,360.0,511.0,MERMAID,,WDM6517,70,15,40,9,0.0,70,A
368225930,2022-01-06T20:14:50,27.21430,-78.30221,0.0,360.0,511.0,MERMAID,,WDM6517,70,15,40,9,0.0,70,A
368225930,2022-01-06T20:08:21,27.21430,-78.30222,0.0,360.0,511.0,MERMAID,,WDM6517,70,15,40,9,0.0,70,A
368225930,2022-01-06T20:16:11,27.21431,-78.30222,0.0,360.0,511.0,MERMAID,,WDM6517,70,15,40,9,0.0,70,A
368225930,2022-01-06T20:09:30,27.21430,-78.30222,0.1,360.0,511.0,MERMAID,,WDM6517,70,15,40,9,0.0,70,A
368225930,2022-01-06T20:19:22,27.21431,-78.30222,0.0,360.0,511.0,MERMAID,,WDM6517,70,15,40,9,0.0,70,A
368225930,2022-01-06T20:36:52,27.21431,-78.30223,0.0,360.0,511.0,MERMAID,,WDM6517,70,15,40,9,0.0,70,A
368225930,2022-01-06T16:19:50,27.21427,-78.30218,0.0,360.0,511.0,MERMAID,,WDM6517,70,15,40,9,0.0,70,A
368225930,2022-01-06T20:17:30,27.21431,-78.30222,0.0,360.0,511.0,MERMAID,,WDM6517,70,15,40,9,0.0,70,A
368225930,2022-01-06T22:23:11,27.21428,-78.30220,0.0,360.0,511.0,MERMAID,,WDM6517,70,15,40,9,0.0,70,A
368225930,2022-01-06T23:52:20,27.21428,-78.30220,0.0,360.0,511.0,MERMAID,,WDM6517,70,15,40,9,0.0,70,A
368225930,2022-01-06T23:45:12,27.21428,-78.30220,0.0,360.0,511.0,MERMAID,,WDM6517,70,15,40,9,0.0,70,A
368225930,2022-01-06T23:41:32,27.21428,-78.30219,0.0,360.0,511.0,MERMAID,,WDM6517,70,15,40,9,0.0,70,A
368225930,2022-01-06T23:42:51,27.21429,-78.30219,0.0,360.0,511.0,MERMAID,,WDM6517,70,15,40,9,0.0,70,A
